Part Name,Fault Type,Part Price,Date
RAM,7890,1000,10.10.2015
RAM,7890,1000,10.10.2015
RAM,7890,1000,10.10.2015
RAM,7890,1000,10.10.2015
RAM,7890,1000,10.10.2015
RAM,7890,1000,10.10.2015
RAM,7890,1000,10.10.2015
RAM,7890,1000,10.10.2015
RAM,7890,1000,10.10.2015
RAM,7890,1000,10.10.2015
RAM,7890,1000,10.10.2015
RAM,7890,1000,10.10.2015
RAM,7890,1000,10.10.2015
RAM,7890,1000,10.10.2015
RAM,7890,1000,10.10.2015
RAM,7890,1000,10.10.2015
RAM,7890,1000,10.10.2015
RAM,7890,1000,10.10.2015
RAM,7890,1000,10.10.2015
RAM,7890,1000,10.10.2015
RAM,7890,1000,10.10.2015
RAM,7890,1000,10.10.2015
RAM,7890,1000,10.10.2015
RAM,7890,1000,10.10.2015
RAM,7890,1000,10.10.2015
RAM,7890,1000,10.10.2015
RAM,7890,1000,10.10.2015
RAM,7890,1000,10.10.2015
RAM,7890,1000,10.10.2015
RAM,7890,1000,10.10.2015
RAM,7890,1000,10.10.2015
RAM,7890,1000,10.10.2015
RAM,7890,1000,10.10.2015
RAM,7890,1000,10.10.2015
RAM,7890,1000,10.10.2015
RAM,7890,1000,10.10.2015
RAM,7890,1000,10.10.2015
RAM,7890,1000,10.10.2015
RAM,7890,1000,10.10.2015
RAM,7890,1000,10.10.2015
RAM,7890,1000,10.10.2015
RAM,7890,1000,10.10.2015
RAM,7890,1000,10.10.2015
RAM,7890,1000,10.10.2015
RAM,7890,1000,10.10.2015
RAM,7890,1000,10.10.2015
Port,7890,1000,10.10.2015
Port,7890,1000,10.10.2015
Port,7890,1000,10.10.2015
Port,7890,1000,10.10.2015
Port,7890,1000,10.10.2015
Port,7890,1000,10.10.2020
Port,7890,1000,10.10.2014
Port,7890,1000,10.10.2014
Port,7890,1000,10.10.2014
Port,7890,1000,10.10.2014
Port,7890,1000,10.10.2014
Port,7890,1000,10.10.2014
Port,7890,1000,10.10.2014
Port,7890,1000,10.10.2014
Port,7890,1000,10.10.2022
Port,7890,1000,10.10.2022
Port,7890,1000,10.10.2017
Port,7890,1000,10.10.2017
Port,7890,1000,10.10.2017
Port,7890,1000,10.10.2017
Port,7890,1000,10.10.2017
Port,7890,1000,10.10.2017
Port,7890,1000,10.10.2017
Port,7890,1000,10.10.2017
Port,7890,1000,10.10.2017
Port,7890,1000,10.10.2017
Port,7890,1000,10.10.2017
Port,7890,1000,10.10.2017
Port,7890,1000,10.10.2017
Port,7890,1000,10.10.2017
Port,7890,1000,10.10.2017
Port,7890,1000,10.10.2017
Port,7890,1000,10.10.2017
Port,7890,1000,10.10.2017
Port,7890,1000,10.10.2017
Port,7890,1000,10.10.2017
Port,7890,1000,10.10.2017
Port,7890,1000,10.10.2017
Port,7890,1000,10.10.2017
Port,7890,1000,10.10.2017
Port,7890,1000,10.10.2017
Port,7890,1000,10.10.2017
Port,7890,1000,10.10.2017
Port,7890,1000,10.10.2017
Port,7890,1000,10.10.2017
Port,7890,1000,10.10.2017
Port,7890,1000,10.10.2017
Port,7890,1000,10.10.2017
Port,7890,1000,10.10.2017
Port,7890,1000,10.10.2017
Port,7890,1000,10.10.2017
Port,7890,1000,10.10.2017
Port,7890,1000,10.10.2017
Port,7890,1000,10.10.2017
Port,7890,1000,10.10.2017
Port,7890,1000,10.10.2017
Port,7890,1000,10.10.2017
Port,7890,1000,10.10.2017
Port,7890,1000,10.10.2017
Port,7890,1000,10.10.2017
Port,7890,1000,10.10.2017
Port,7890,1000,10.10.2017
Port,7890,1000,10.10.2017
Port,7890,1000,10.10.2017
Port,7890,1000,10.10.2017
Port,7890,1000,10.10.2017
Port,7890,1000,10.10.2022
Port,7890,1000,10.10.2022
Port,7890,1000,10.10.2022
Port,7890,1000,10.10.2022
Port,7890,1000,10.10.2022
Port,7890,1000,10.10.2022
Port,7890,1000,10.10.2022
Port,7890,1000,10.10.2022
Port,7890,1000,10.10.2022
Port,7890,1000,10.10.2023
Port,7890,1000,10.10.2023
Port,7890,1000,10.10.2023
Port,7890,1000,10.10.2018
Port,7890,1000,10.10.2018
Port,7890,1000,10.10.2018
Port,7890,1000,10.10.2018
Port,7890,1000,10.10.2018
Port,7890,1000,10.10.2018
Port,7890,1000,10.10.2018
Port,7890,1000,10.10.2023
Port,7890,1000,10.10.2023
Port,7890,1000,10.10.2023
Port,7890,1000,10.10.2018
Port,7890,1000,10.10.2018
Port,7890,1000,10.10.2018
Port,7890,1000,10.10.2018
Port,7890,1000,10.10.2018
Port,7890,1000,10.10.2018
Port,7890,1000,10.10.2018
Port,7890,1000,10.10.2018
Port,7890,1000,10.10.2018
Port,7890,1000,10.10.2018
Port,7890,1000,10.10.2018
Port,7890,1000,10.10.2017
Port,7890,1000,10.10.2017
Port,7890,1000,10.10.2017
Port,7890,1000,10.10.2017
Port,7890,1000,10.10.2017
Port,7890,1000,10.10.2017
Port,7890,1000,10.10.2017
Port,7890,1000,10.10.2017
Port,7890,1000,10.10.2017
Port,7890,1000,10.10.2017
Port,7890,1000,10.10.2017
Port,7890,1000,10.10.2017
ROM,7890,1000,10.10.2017
ROM,7890,1000,10.10.2017
ROM,7890,1000,10.10.2017
ROM,7890,1000,10.10.2017
ROM,7890,1000,10.10.2017
ROM,7890,1000,10.10.2017
ROM,7890,1000,10.10.2017
ROM,7890,1000,10.10.2017
ROM,7890,1000,10.10.2017
ROM,7890,1000,10.10.2017
ROM,7890,1000,10.10.2017
ROM,7890,1000,10.10.2017
ROM,7890,1000,10.10.2017
ROM,7890,1000,10.10.2017
ROM,7890,1000,10.10.2017
ROM,7890,1000,10.10.2017
ROM,Notif,1000,10.10.2017
ROM,Notif,1000,10.10.2017
ROM,Notif,1000,10.10.2017
ROM,Notif,1000,10.10.2017
ROM,Notif,1000,10.10.2017
ROM,Notif,1000,10.10.2017
ROM,Notif,1000,10.10.2017
ROM,Notif,1000,10.10.2017
ROM,Notif,1000,10.10.2017
ROM,Notif,1000,10.10.2017
ROM,Notif,1000,10.10.2017
ROM,Notif,1000,10.10.2017
ROM,Notif,1000,10.10.2017
ROM,Notif,1000,10.10.2017
ROM,Notif,1000,10.10.2017
ROM,Notif,1000,10.10.2023
ROM,Notif,1000,10.10.2023
ROM,Notif,1000,10.10.2023
ROM,Notif,1000,10.10.2023
ROM,Notif,1000,10.10.2023
ROM,Notif,1000,10.10.2023
ROM,Notif,1000,10.10.2023
ROM,Notif,1000,10.10.2017
ROM,Notif,1000,10.10.2017
ROM,Notif,1000,10.10.2017
ROM,Notif,1000,10.10.2017
ROM,Notif,1000,10.10.2017
ROM,Notif,1000,10.10.2017
ROM,Notif,1000,10.10.2017
ROM,Notif,1000,10.10.2017
ROM,Notif,1000,10.10.2017
ROM,Notif,1000,10.10.2017
ROM,Notif,1000,10.10.2017
ROM,Notif,1000,10.10.2017
ROM,Notif,1000,10.10.2017
ROM,Notif,1000,10.10.2017
ROM,Notif,1000,10.10.2017
ROM,Notif,1000,10.10.2017
ROM,Notif,1000,10.10.2017
ROM,Notif,1000,10.10.2017
ROM,Notif,1000,10.10.2017
ROM,Notif,1000,10.10.2017
ROM,Notif,1000,10.10.2017
ROM,Notif,1000,10.10.2017
ROM,Notif,1000,10.10.2017
ROM,Notif,1000,10.10.2017
ROM,Notif,1000,10.10.2017
ROM,Notif,1000,10.10.2017
ROM,Notif,1000,10.10.2017
ROM,Notif,1000,10.10.2017
ROM,Notif,1000,10.10.2017
ROM,Notif,1000,10.10.2017
ROM,Notif,1000,10.10.2017
ROM,Notif,1000,10.10.2017
ROM,Notif,1000,10.10.2017
ROM,Notif,1000,10.10.2017
ROM,Notif,1000,10.10.2017
ROM,Notif,1000,10.10.2017
